Cluster,Threat Type,Score
0,Viral,0.2
0,Viral,0.1
0,Viral,0.3
0,Viral,0.2
0,Viral,0.15
0,Viral,0.25
0,Viral,0.1
0,Viral,0.18
0,Viral,0.22
0,Viral,0.15
0,Bacterial,0.9
0,Bacterial,0.8
0,Bacterial,0.95
0,Bacterial,0.85
0,Bacterial,0.9
0,Bacterial,0.88
0,Bacterial,0.92
0,Bacterial,0.87
0,Bacterial,0.93
0,Bacterial,0.89
0,Toxin,0.5
0,Toxin,0.4
0,Toxin,0.6
0,Toxin,0.55
0,Toxin,0.45
0,Toxin,0.5
0,Toxin,0.6
0,Toxin,0.53
0,Toxin,0.58
0,Toxin,0.47
0,Fungal,0.3
0,Fungal,0.2
0,Fungal,0.4
0,Fungal,0.3
0,Fungal,0.25
0,Fungal,0.35
0,Fungal,0.2
0,Fungal,0.28
0,Fungal,0.32
0,Fungal,0.25
0,Prion,0.1
0,Prion,0.1
0,Prion,0.2
0,Prion,0.15
0,Prion,0.1
0,Prion,0.12
0,Prion,0.05
0,Prion,0.08
0,Prion,0.11
0,Prion,0.09
1,Viral,0.1
1,Viral,0.2
1,Viral,0.1
1,Viral,0.0
1,Viral,0.1
1,Viral,0.2
1,Viral,0.15
1,Viral,0.05
1,Viral,0.1
1,Viral,0.0
1,Bacterial,0.8
1,Bacterial,0.7
1,Bacterial,0.9
1,Bacterial,0.85
1,Bacterial,0.75
1,Bacterial,0.8
1,Bacterial,0.9
1,Bacterial,0.85
1,Bacterial,0.8
1,Bacterial,0.88
1,Toxin,0.3
1,Toxin,0.2
1,Toxin,0.4
1,Toxin,0.25
1,Toxin,0.3
1,Toxin,0.2
1,Toxin,0.35
1,Toxin,0.25
1,Toxin,0.3
1,Toxin,0.22
1,Fungal,0.1
1,Fungal,0.1
1,Fungal,0.2
1,Fungal,0.05
1,Fungal,0.1
1,Fungal,0.15
1,Fungal,0.1
1,Fungal,0.05
1,Fungal,0.2
1,Fungal,0.1
1,Prion,0.0
1,Prion,0.0
1,Prion,0.1
1,Prion,0.0
1,Prion,0.0
1,Prion,0.05
1,Prion,0.0
1,Prion,0.0
1,Prion,0.1
1,Prion,0.0
2,Viral,0.9
2,Viral,0.88
2,Viral,0.92
2,Viral,0.87
2,Viral,0.9
2,Viral,0.91
2,Viral,0.89
2,Viral,0.93
2,Viral,0.88
2,Viral,0.9
2,Bacterial,0.85
2,Bacterial,0.84
2,Bacterial,0.89
2,Bacterial,0.83
2,Bacterial,0.86
2,Bacterial,0.87
2,Bacterial,0.85
2,Bacterial,0.9
2,Bacterial,0.84
2,Bacterial,0.86
2,Toxin,0.8
2,Toxin,0.82
2,Toxin,0.85
2,Toxin,0.79
2,Toxin,0.83
2,Toxin,0.84
2,Toxin,0.81
2,Toxin,0.86
2,Toxin,0.8
2,Toxin,0.82
2,Fungal,0.75
2,Fungal,0.78
2,Fungal,0.8
2,Fungal,0.75
2,Fungal,0.77
2,Fungal,0.79
2,Fungal,0.76
2,Fungal,0.82
2,Fungal,0.76
2,Fungal,0.78
2,Prion,0.7
2,Prion,0.74
2,Prion,0.76
2,Prion,0.71
2,Prion,0.73
2,Prion,0.75
2,Prion,0.72
2,Prion,0.78
2,Prion,0.72
2,Prion,0.74
3,Viral,0.1
3,Viral,0.0
3,Viral,0.2
3,Viral,0.1
3,Viral,0.0
3,Viral,0.1
3,Viral,0.0
3,Viral,0.2
3,Viral,0.1
3,Viral,0.0
3,Bacterial,0.9
3,Bacterial,0.8
3,Bacterial,0.7
3,Bacterial,0.9
3,Bacterial,1.0
3,Bacterial,0.8
3,Bacterial,0.9
3,Bacterial,0.7
3,Bacterial,0.8
3,Bacterial,0.9
3,Toxin,0.2
3,Toxin,0.1
3,Toxin,0.3
3,Toxin,0.4
3,Toxin,0.2
3,Toxin,0.1
3,Toxin,0.3
3,Toxin,0.2
3,Toxin,0.1
3,Toxin,0.2
3,Fungal,0.1
3,Fungal,0.0
3,Fungal,0.1
3,Fungal,0.0
3,Fungal,0.0
3,Fungal,0.1
3,Fungal,0.0
3,Fungal,0.2
3,Fungal,0.0
3,Fungal,0.1
3,Prion,0.0
3,Prion,0.0
3,Prion,0.1
3,Prion,0.0
3,Prion,0.0
3,Prion,0.0
3,Prion,0.0
3,Prion,0.1
3,Prion,0.0
3,Prion,0.0
4,Viral,0.7
4,Viral,0.6
4,Viral,0.8
4,Viral,0.5
4,Viral,0.9
4,Viral,0.4
4,Viral,0.6
4,Viral,0.7
4,Viral,0.5
4,Viral,0.8
4,Bacterial,0.6
4,Bacterial,0.7
4,Bacterial,0.7
4,Bacterial,0.6
4,Bacterial,0.8
4,Bacterial,0.5
4,Bacterial,0.5
4,Bacterial,0.8
4,Bacterial,0.4
4,Bacterial,0.9
4,Toxin,0.5
4,Toxin,0.6
4,Toxin,0.7
4,Toxin,0.4
4,Toxin,0.7
4,Toxin,0.6
4,Toxin,0.4
4,Toxin,0.9
4,Toxin,0.3
4,Toxin,0.8
4,Fungal,0.4
4,Fungal,0.5
4,Fungal,0.6
4,Fungal,0.3
4,Fungal,0.6
4,Fungal,0.7
4,Fungal,0.3
4,Fungal,0.8
4,Fungal,0.2
4,Fungal,0.7
4,Prion,0.3
4,Prion,0.4
4,Prion,0.5
4,Prion,0.2
4,Prion,0.5
4,Prion,0.6
4,Prion,0.2
4,Prion,0.7
4,Prion,0.1
4,Prion,0.6
5,Viral,0.9
5,Viral,0.88
5,Viral,0.92
5,Viral,0.85
5,Viral,0.9
5,Viral,0.87
5,Viral,0.91
5,Viral,0.86
5,Viral,0.89
5,Viral,0.9
5,Bacterial,0.85
5,Bacterial,0.8
5,Bacterial,0.86
5,Bacterial,0.82
5,Bacterial,0.87
5,Bacterial,0.84
5,Bacterial,0.88
5,Bacterial,0.81
5,Bacterial,0.85
5,Bacterial,0.87
5,Toxin,0.75
5,Toxin,0.78
5,Toxin,0.82
5,Toxin,0.77
5,Toxin,0.8
5,Toxin,0.79
5,Toxin,0.83
5,Toxin,0.76
5,Toxin,0.8
5,Toxin,0.81
5,Fungal,0.65
5,Fungal,0.7
5,Fungal,0.68
5,Fungal,0.72
5,Fungal,0.75
5,Fungal,0.7
5,Fungal,0.74
5,Fungal,0.69
5,Fungal,0.73
5,Fungal,0.76
5,Prion,0.6
5,Prion,0.55
5,Prion,0.58
5,Prion,0.6
5,Prion,0.65
5,Prion,0.6
5,Prion,0.62
5,Prion,0.57
5,Prion,0.63
5,Prion,0.64
6,Viral,0.8
6,Viral,0.7
6,Viral,0.9
6,Viral,0.85
6,Viral,0.75
6,Viral,0.8
6,Viral,0.9
6,Viral,0.85
6,Viral,0.88
6,Viral,0.82
6,Bacterial,0.1
6,Bacterial,0.2
6,Bacterial,0.0
6,Bacterial,0.15
6,Bacterial,0.1
6,Bacterial,0.1
6,Bacterial,0.05
6,Bacterial,0.1
6,Bacterial,0.07
6,Bacterial,0.12
6,Toxin,0.1
6,Toxin,0.1
6,Toxin,0.0
6,Toxin,0.05
6,Toxin,0.05
6,Toxin,0.05
6,Toxin,0.02
6,Toxin,0.03
6,Toxin,0.03
6,Toxin,0.04
6,Fungal,0.1
6,Fungal,0.1
6,Fungal,0.0
6,Fungal,0.05
6,Fungal,0.05
6,Fungal,0.05
6,Fungal,0.02
6,Fungal,0.02
6,Fungal,0.02
6,Fungal,0.02
6,Prion,0.0
6,Prion,0.0
6,Prion,0.0
6,Prion,0.0
6,Prion,0.05
6,Prion,0.0
6,Prion,0.01
6,Prion,0.0
6,Prion,0.0
6,Prion,0.0
7,Viral,0.1
7,Viral,0.1
7,Viral,0.1
7,Viral,0.2
7,Viral,0.0
7,Viral,0.1
7,Viral,0.2
7,Viral,0.1
7,Viral,0.0
7,Viral,0.1
7,Bacterial,0.8
7,Bacterial,0.7
7,Bacterial,0.9
7,Bacterial,0.8
7,Bacterial,0.7
7,Bacterial,0.8
7,Bacterial,0.9
7,Bacterial,0.8
7,Bacterial,0.7
7,Bacterial,0.9
7,Toxin,0.9
7,Toxin,0.9
7,Toxin,1.0
7,Toxin,0.9
7,Toxin,0.8
7,Toxin,0.9
7,Toxin,1.0
7,Toxin,0.9
7,Toxin,0.8
7,Toxin,1.0
7,Fungal,0.2
7,Fungal,0.2
7,Fungal,0.1
7,Fungal,0.3
7,Fungal,0.1
7,Fungal,0.2
7,Fungal,0.2
7,Fungal,0.1
7,Fungal,0.1
7,Fungal,0.2
7,Prion,0.1
7,Prion,0.1
7,Prion,0.0
7,Prion,0.1
7,Prion,0.0
7,Prion,0.1
7,Prion,0.1
7,Prion,0.0
7,Prion,0.0
7,Prion,0.1
8,Viral,0.1
8,Viral,0.1
8,Viral,0.2
8,Viral,0.1
8,Viral,0.05
8,Viral,0.15
8,Viral,0.2
8,Viral,0.1
8,Viral,0.05
8,Viral,0.1
8,Bacterial,0.9
8,Bacterial,0.8
8,Bacterial,0.9
8,Bacterial,0.85
8,Bacterial,0.95
8,Bacterial,0.9
8,Bacterial,0.85
8,Bacterial,0.9
8,Bacterial,0.95
8,Bacterial,0.88
8,Toxin,0.5
8,Toxin,0.4
8,Toxin,0.6
8,Toxin,0.55
8,Toxin,0.65
8,Toxin,0.5
8,Toxin,0.45
8,Toxin,0.6
8,Toxin,0.55
8,Toxin,0.5
8,Fungal,0.2
8,Fungal,0.1
8,Fungal,0.2
8,Fungal,0.15
8,Fungal,0.1
8,Fungal,0.25
8,Fungal,0.2
8,Fungal,0.1
8,Fungal,0.15
8,Fungal,0.2
8,Prion,0.1
8,Prion,0.1
8,Prion,0.1
8,Prion,0.05
8,Prion,0.05
8,Prion,0.1
8,Prion,0.15
8,Prion,0.05
8,Prion,0.05
8,Prion,0.1
9,Viral,0.8
9,Viral,0.7
9,Viral,0.9
9,Viral,0.6
9,Viral,0.85
9,Viral,0.75
9,Viral,0.65
9,Viral,0.8
9,Viral,0.7
9,Viral,0.85
9,Bacterial,0.7
9,Bacterial,0.8
9,Bacterial,0.85
9,Bacterial,0.6
9,Bacterial,0.8
9,Bacterial,0.7
9,Bacterial,0.6
9,Bacterial,0.75
9,Bacterial,0.65
9,Bacterial,0.9
9,Toxin,0.6
9,Toxin,0.7
9,Toxin,0.8
9,Toxin,0.5
9,Toxin,0.75
9,Toxin,0.65
9,Toxin,0.55
9,Toxin,0.7
9,Toxin,0.6
9,Toxin,0.85
9,Fungal,0.5
9,Fungal,0.6
9,Fungal,0.75
9,Fungal,0.4
9,Fungal,0.7
9,Fungal,0.6
9,Fungal,0.5
9,Fungal,0.65
9,Fungal,0.55
9,Fungal,0.8
9,Prion,0.4
9,Prion,0.5
9,Prion,0.7
9,Prion,0.3
9,Prion,0.65
9,Prion,0.55
9,Prion,0.45
9,Prion,0.6
9,Prion,0.5
9,Prion,0.75
10,Viral,0.8
10,Viral,0.7
10,Viral,0.9
10,Viral,0.88
10,Viral,0.85
10,Viral,0.8
10,Viral,0.82
10,Viral,0.77
10,Viral,0.9
10,Viral,0.85
10,Bacterial,0.7
10,Bacterial,0.8
10,Bacterial,0.85
10,Bacterial,0.78
10,Bacterial,0.75
10,Bacterial,0.7
10,Bacterial,0.72
10,Bacterial,0.87
10,Bacterial,0.8
10,Bacterial,0.95
10,Toxin,0.6
10,Toxin,0.7
10,Toxin,0.75
10,Toxin,0.68
10,Toxin,0.65
10,Toxin,0.6
10,Toxin,0.62
10,Toxin,0.77
10,Toxin,0.7
10,Toxin,0.85
10,Fungal,0.5
10,Fungal,0.6
10,Fungal,0.65
10,Fungal,0.58
10,Fungal,0.55
10,Fungal,0.5
10,Fungal,0.52
10,Fungal,0.67
10,Fungal,0.6
10,Fungal,0.75
10,Prion,0.4
10,Prion,0.5
10,Prion,0.55
10,Prion,0.48
10,Prion,0.45
10,Prion,0.4
10,Prion,0.42
10,Prion,0.57
10,Prion,0.5
10,Prion,0.65
11,Viral,0.9
11,Viral,0.88
11,Viral,0.92
11,Viral,0.87
11,Viral,0.93
11,Viral,0.85
11,Viral,0.9
11,Viral,0.91
11,Viral,0.89
11,Viral,0.86
11,Bacterial,0.85
11,Bacterial,0.86
11,Bacterial,0.9
11,Bacterial,0.84
11,Bacterial,0.89
11,Bacterial,0.82
11,Bacterial,0.87
11,Bacterial,0.88
11,Bacterial,0.85
11,Bacterial,0.83
11,Toxin,0.8
11,Toxin,0.82
11,Toxin,0.85
11,Toxin,0.79
11,Toxin,0.83
11,Toxin,0.78
11,Toxin,0.81
11,Toxin,0.84
11,Toxin,0.8
11,Toxin,0.77
11,Fungal,0.75
11,Fungal,0.7
11,Fungal,0.78
11,Fungal,0.74
11,Fungal,0.77
11,Fungal,0.72
11,Fungal,0.76
11,Fungal,0.79
11,Fungal,0.73
11,Fungal,0.71
11,Prion,0.6
11,Prion,0.65
11,Prion,0.7
11,Prion,0.68
11,Prion,0.69
11,Prion,0.67
11,Prion,0.64
11,Prion,0.66
11,Prion,0.63
11,Prion,0.6
12,Viral,0.9
12,Viral,0.88
12,Viral,0.92
12,Viral,0.87
12,Viral,0.9
12,Viral,0.91
12,Viral,0.89
12,Viral,0.88
12,Viral,0.93
12,Viral,0.87
12,Bacterial,0.85
12,Bacterial,0.84
12,Bacterial,0.89
12,Bacterial,0.83
12,Bacterial,0.86
12,Bacterial,0.87
12,Bacterial,0.85
12,Bacterial,0.84
12,Bacterial,0.9
12,Bacterial,0.83
12,Toxin,0.8
12,Toxin,0.82
12,Toxin,0.85
12,Toxin,0.81
12,Toxin,0.84
12,Toxin,0.83
12,Toxin,0.82
12,Toxin,0.8
12,Toxin,0.86
12,Toxin,0.79
12,Fungal,0.75
12,Fungal,0.78
12,Fungal,0.8
12,Fungal,0.77
12,Fungal,0.79
12,Fungal,0.78
12,Fungal,0.76
12,Fungal,0.75
12,Fungal,0.81
12,Fungal,0.74
12,Prion,0.7
12,Prion,0.74
12,Prion,0.76
12,Prion,0.73
12,Prion,0.75
12,Prion,0.74
12,Prion,0.72
12,Prion,0.71
12,Prion,0.77
12,Prion,0.7
13,Viral,0.1
13,Viral,0.0
13,Viral,0.0
13,Viral,0.1
13,Viral,0.0
13,Viral,0.0
13,Viral,0.0
13,Viral,0.1
13,Viral,0.0
13,Viral,0.0
13,Bacterial,0.9
13,Bacterial,0.8
13,Bacterial,1.0
13,Bacterial,0.9
13,Bacterial,0.7
13,Bacterial,0.9
13,Bacterial,0.8
13,Bacterial,0.9
13,Bacterial,0.9
13,Bacterial,1.0
13,Toxin,0.2
13,Toxin,0.1
13,Toxin,0.3
13,Toxin,0.2
13,Toxin,0.1
13,Toxin,0.4
13,Toxin,0.2
13,Toxin,0.3
13,Toxin,0.2
13,Toxin,0.3
13,Fungal,0.1
13,Fungal,0.0
13,Fungal,0.0
13,Fungal,0.1
13,Fungal,0.0
13,Fungal,0.0
13,Fungal,0.0
13,Fungal,0.1
13,Fungal,0.0
13,Fungal,0.0
13,Prion,0.0
13,Prion,0.0
13,Prion,0.0
13,Prion,0.0
13,Prion,0.0
13,Prion,0.0
13,Prion,0.0
13,Prion,0.0
13,Prion,0.0
13,Prion,0.0
14,Viral,0.1
14,Viral,0.0
14,Viral,0.0
14,Viral,0.1
14,Viral,0.0
14,Viral,0.1
14,Viral,0.0
14,Viral,0.1
14,Viral,0.0
14,Viral,0.1
14,Bacterial,0.2
14,Bacterial,0.1
14,Bacterial,0.2
14,Bacterial,0.3
14,Bacterial,0.1
14,Bacterial,0.2
14,Bacterial,0.1
14,Bacterial,0.2
14,Bacterial,0.1
14,Bacterial,0.3
14,Toxin,0.9
14,Toxin,0.8
14,Toxin,0.7
14,Toxin,0.9
14,Toxin,0.8
14,Toxin,0.9
14,Toxin,0.8
14,Toxin,0.9
14,Toxin,0.7
14,Toxin,0.9
14,Fungal,0.1
14,Fungal,0.1
14,Fungal,0.1
14,Fungal,0.2
14,Fungal,0.0
14,Fungal,0.1
14,Fungal,0.0
14,Fungal,0.1
14,Fungal,0.0
14,Fungal,0.2
14,Prion,0.0
14,Prion,0.0
14,Prion,0.0
14,Prion,0.1
14,Prion,0.0
14,Prion,0.0
14,Prion,0.0
14,Prion,0.0
14,Prion,0.0
14,Prion,0.1
15,Viral,0.9
15,Viral,0.85
15,Viral,0.88
15,Viral,0.92
15,Viral,0.86
15,Viral,0.89
15,Viral,0.91
15,Viral,0.87
15,Viral,0.93
15,Viral,0.84
15,Bacterial,0.8
15,Bacterial,0.75
15,Bacterial,0.78
15,Bacterial,0.82
15,Bacterial,0.76
15,Bacterial,0.79
15,Bacterial,0.81
15,Bacterial,0.77
15,Bacterial,0.83
15,Bacterial,0.74
15,Toxin,0.7
15,Toxin,0.65
15,Toxin,0.68
15,Toxin,0.72
15,Toxin,0.66
15,Toxin,0.69
15,Toxin,0.71
15,Toxin,0.67
15,Toxin,0.73
15,Toxin,0.64
15,Fungal,0.6
15,Fungal,0.55
15,Fungal,0.58
15,Fungal,0.62
15,Fungal,0.56
15,Fungal,0.59
15,Fungal,0.61
15,Fungal,0.57
15,Fungal,0.63
15,Fungal,0.54
15,Prion,0.5
15,Prion,0.45
15,Prion,0.48
15,Prion,0.52
15,Prion,0.46
15,Prion,0.49
15,Prion,0.51
15,Prion,0.47
15,Prion,0.53
15,Prion,0.44
16,Viral,0.9
16,Viral,0.88
16,Viral,0.92
16,Viral,0.85
16,Viral,0.9
16,Viral,0.87
16,Viral,0.91
16,Viral,0.89
16,Viral,0.93
16,Viral,0.86
16,Bacterial,0.85
16,Bacterial,0.82
16,Bacterial,0.87
16,Bacterial,0.8
16,Bacterial,0.84
16,Bacterial,0.83
16,Bacterial,0.86
16,Bacterial,0.85
16,Bacterial,0.88
16,Bacterial,0.81
16,Toxin,0.75
16,Toxin,0.78
16,Toxin,0.8
16,Toxin,0.7
16,Toxin,0.77
16,Toxin,0.75
16,Toxin,0.82
16,Toxin,0.79
16,Toxin,0.81
16,Toxin,0.73
16,Fungal,0.65
16,Fungal,0.7
16,Fungal,0.68
16,Fungal,0.6
16,Fungal,0.65
16,Fungal,0.63
16,Fungal,0.7
16,Fungal,0.67
16,Fungal,0.69
16,Fungal,0.64
16,Prion,0.5
16,Prion,0.55
16,Prion,0.6
16,Prion,0.5
16,Prion,0.58
16,Prion,0.52
16,Prion,0.57
16,Prion,0.53
16,Prion,0.6
16,Prion,0.51
17,Viral,0.1
17,Viral,0.2
17,Viral,0.1
17,Viral,0.0
17,Viral,0.2
17,Viral,0.1
17,Viral,0.0
17,Viral,0.1
17,Viral,0.2
17,Viral,0.1
17,Bacterial,0.9
17,Bacterial,0.8
17,Bacterial,0.9
17,Bacterial,1.0
17,Bacterial,0.7
17,Bacterial,0.8
17,Bacterial,0.9
17,Bacterial,0.9
17,Bacterial,0.8
17,Bacterial,1.0
17,Toxin,0.3
17,Toxin,0.4
17,Toxin,0.2
17,Toxin,0.3
17,Toxin,0.5
17,Toxin,0.4
17,Toxin,0.2
17,Toxin,0.3
17,Toxin,0.4
17,Toxin,0.3
17,Fungal,0.1
17,Fungal,0.2
17,Fungal,0.1
17,Fungal,0.0
17,Fungal,0.2
17,Fungal,0.1
17,Fungal,0.0
17,Fungal,0.1
17,Fungal,0.2
17,Fungal,0.1
17,Prion,0.0
17,Prion,0.1
17,Prion,0.0
17,Prion,0.0
17,Prion,0.1
17,Prion,0.0
17,Prion,0.0
17,Prion,0.0
17,Prion,0.1
17,Prion,0.0
18,Viral,0.8
18,Viral,0.7
18,Viral,0.9
18,Viral,0.6
18,Viral,0.85
18,Viral,0.75
18,Viral,0.8
18,Viral,0.7
18,Viral,0.85
18,Viral,0.65
18,Bacterial,0.7
18,Bacterial,0.6
18,Bacterial,0.8
18,Bacterial,0.7
18,Bacterial,0.75
18,Bacterial,0.65
18,Bacterial,0.7
18,Bacterial,0.8
18,Bacterial,0.75
18,Bacterial,0.55
18,Toxin,0.6
18,Toxin,0.7
18,Toxin,0.7
18,Toxin,0.5
18,Toxin,0.65
18,Toxin,0.55
18,Toxin,0.6
18,Toxin,0.9
18,Toxin,0.85
18,Toxin,0.45
18,Fungal,0.5
18,Fungal,0.6
18,Fungal,0.6
18,Fungal,0.4
18,Fungal,0.55
18,Fungal,0.45
18,Fungal,0.5
18,Fungal,0.6
18,Fungal,0.65
18,Fungal,0.35
18,Prion,0.4
18,Prion,0.5
18,Prion,0.5
18,Prion,0.3
18,Prion,0.45
18,Prion,0.35
18,Prion,0.4
18,Prion,0.7
18,Prion,0.55
18,Prion,0.25
19,Viral,0.1
19,Viral,0.1
19,Viral,0.2
19,Viral,0.1
19,Viral,0.05
19,Viral,0.1
19,Viral,0.2
19,Viral,0.15
19,Viral,0.1
19,Viral,0.05
19,Bacterial,0.9
19,Bacterial,0.8
19,Bacterial,0.9
19,Bacterial,0.85
19,Bacterial,0.95
19,Bacterial,0.9
19,Bacterial,0.85
19,Bacterial,0.9
19,Bacterial,0.88
19,Bacterial,0.92
19,Toxin,0.5
19,Toxin,0.6
19,Toxin,0.4
19,Toxin,0.55
19,Toxin,0.65
19,Toxin,0.5
19,Toxin,0.45
19,Toxin,0.6
19,Toxin,0.55
19,Toxin,0.6
19,Fungal,0.2
19,Fungal,0.1
19,Fungal,0.2
19,Fungal,0.15
19,Fungal,0.1
19,Fungal,0.2
19,Fungal,0.25
19,Fungal,0.15
19,Fungal,0.1
19,Fungal,0.1
19,Prion,0.1
19,Prion,0.1
19,Prion,0.1
19,Prion,0.05
19,Prion,0.05
19,Prion,0.1
19,Prion,0.1
19,Prion,0.05
19,Prion,0.05
19,Prion,0.05
20,Viral,0.9
20,Viral,0.85
20,Viral,0.88
20,Viral,0.92
20,Viral,0.86
20,Viral,0.87
20,Viral,0.93
20,Viral,0.84
20,Viral,0.91
20,Viral,0.89
20,Bacterial,0.8
20,Bacterial,0.75
20,Bacterial,0.78
20,Bacterial,0.82
20,Bacterial,0.76
20,Bacterial,0.77
20,Bacterial,0.83
20,Bacterial,0.74
20,Bacterial,0.81
20,Bacterial,0.79
20,Toxin,0.7
20,Toxin,0.65
20,Toxin,0.68
20,Toxin,0.72
20,Toxin,0.66
20,Toxin,0.67
20,Toxin,0.73
20,Toxin,0.64
20,Toxin,0.71
20,Toxin,0.69
20,Fungal,0.6
20,Fungal,0.55
20,Fungal,0.58
20,Fungal,0.62
20,Fungal,0.56
20,Fungal,0.57
20,Fungal,0.63
20,Fungal,0.54
20,Fungal,0.61
20,Fungal,0.59
20,Prion,0.5
20,Prion,0.45
20,Prion,0.48
20,Prion,0.52
20,Prion,0.46
20,Prion,0.47
20,Prion,0.53
20,Prion,0.44
20,Prion,0.51
20,Prion,0.49
21,Viral,0.7
21,Viral,0.6
21,Viral,0.8
21,Viral,0.5
21,Viral,0.9
21,Viral,0.4
21,Viral,0.6
21,Viral,0.7
21,Viral,0.5
21,Viral,0.8
21,Bacterial,0.8
21,Bacterial,0.7
21,Bacterial,0.9
21,Bacterial,0.6
21,Bacterial,1.0
21,Bacterial,0.5
21,Bacterial,0.7
21,Bacterial,0.8
21,Bacterial,0.6
21,Bacterial,0.9
21,Toxin,0.6
21,Toxin,0.5
21,Toxin,0.7
21,Toxin,0.4
21,Toxin,0.8
21,Toxin,0.3
21,Toxin,0.5
21,Toxin,0.6
21,Toxin,0.4
21,Toxin,0.7
21,Fungal,0.5
21,Fungal,0.4
21,Fungal,0.6
21,Fungal,0.3
21,Fungal,0.7
21,Fungal,0.2
21,Fungal,0.4
21,Fungal,0.5
21,Fungal,0.3
21,Fungal,0.6
21,Prion,0.4
21,Prion,0.3
21,Prion,0.5
21,Prion,0.2
21,Prion,0.6
21,Prion,0.1
21,Prion,0.3
21,Prion,0.4
21,Prion,0.2
21,Prion,0.5
22,Viral,0.8
22,Viral,0.7
22,Viral,0.9
22,Viral,0.6
22,Viral,0.85
22,Viral,0.75
22,Viral,0.65
22,Viral,0.8
22,Viral,0.9
22,Viral,0.7
22,Bacterial,0.7
22,Bacterial,0.8
22,Bacterial,0.85
22,Bacterial,0.7
22,Bacterial,0.75
22,Bacterial,0.85
22,Bacterial,0.55
22,Bacterial,0.9
22,Bacterial,0.8
22,Bacterial,0.6
22,Toxin,0.6
22,Toxin,0.7
22,Toxin,0.75
22,Toxin,0.8
22,Toxin,0.65
22,Toxin,0.95
22,Toxin,0.45
22,Toxin,0.7
22,Toxin,0.7
22,Toxin,0.5
22,Fungal,0.5
22,Fungal,0.6
22,Fungal,0.65
22,Fungal,0.4
22,Fungal,0.55
22,Fungal,0.85
22,Fungal,0.35
22,Fungal,0.6
22,Fungal,0.8
22,Fungal,0.4
22,Prion,0.4
22,Prion,0.5
22,Prion,0.55
22,Prion,0.3
22,Prion,0.45
22,Prion,0.75
22,Prion,0.25
22,Prion,0.5
22,Prion,0.7
22,Prion,0.3
23,Viral,0.8
23,Viral,0.7
23,Viral,0.9
23,Viral,0.75
23,Viral,0.8
23,Viral,0.85
23,Viral,0.9
23,Viral,0.88
23,Viral,0.77
23,Viral,0.82
23,Bacterial,0.7
23,Bacterial,0.8
23,Bacterial,0.85
23,Bacterial,0.65
23,Bacterial,0.9
23,Bacterial,0.75
23,Bacterial,0.8
23,Bacterial,0.78
23,Bacterial,0.87
23,Bacterial,0.72
23,Toxin,0.6
23,Toxin,0.7
23,Toxin,0.75
23,Toxin,0.85
23,Toxin,0.7
23,Toxin,0.65
23,Toxin,0.7
23,Toxin,0.68
23,Toxin,0.77
23,Toxin,0.62
23,Fungal,0.5
23,Fungal,0.6
23,Fungal,0.65
23,Fungal,0.75
23,Fungal,0.6
23,Fungal,0.55
23,Fungal,0.6
23,Fungal,0.58
23,Fungal,0.67
23,Fungal,0.52
23,Prion,0.4
23,Prion,0.5
23,Prion,0.55
23,Prion,0.65
23,Prion,0.5
23,Prion,0.45
23,Prion,0.7
23,Prion,0.48
23,Prion,0.57
23,Prion,0.42
24,Viral,0.9
24,Viral,0.85
24,Viral,0.8
24,Viral,0.95
24,Viral,0.9
24,Viral,0.88
24,Viral,0.92
24,Viral,0.85
24,Viral,0.87
24,Viral,0.9
24,Bacterial,0.1
24,Bacterial,0.15
24,Bacterial,0.2
24,Bacterial,0.05
24,Bacterial,0.1
24,Bacterial,0.12
24,Bacterial,0.08
24,Bacterial,0.1
24,Bacterial,0.13
24,Bacterial,0.1
24,Toxin,0.2
24,Toxin,0.1
24,Toxin,0.25
24,Toxin,0.1
24,Toxin,0.15
24,Toxin,0.2
24,Toxin,0.05
24,Toxin,0.15
24,Toxin,0.18
24,Toxin,0.2
24,Fungal,0.1
24,Fungal,0.05
24,Fungal,0.1
24,Fungal,0.0
24,Fungal,0.05
24,Fungal,0.1
24,Fungal,0.05
24,Fungal,0.1
24,Fungal,0.12
24,Fungal,0.05
24,Prion,0.0
24,Prion,0.0
24,Prion,0.05
24,Prion,0.0
24,Prion,0.0
24,Prion,0.0
24,Prion,0.0
24,Prion,0.0
24,Prion,0.01
24,Prion,0.0
25,Viral,0.9
25,Viral,0.88
25,Viral,0.92
25,Viral,0.87
25,Viral,0.9
25,Viral,0.91
25,Viral,0.89
25,Viral,0.88
25,Viral,0.9
25,Viral,0.87
25,Bacterial,0.85
25,Bacterial,0.84
25,Bacterial,0.89
25,Bacterial,0.83
25,Bacterial,0.86
25,Bacterial,0.87
25,Bacterial,0.85
25,Bacterial,0.84
25,Bacterial,0.86
25,Bacterial,0.82
25,Toxin,0.8
25,Toxin,0.82
25,Toxin,0.85
25,Toxin,0.81
25,Toxin,0.84
25,Toxin,0.83
25,Toxin,0.82
25,Toxin,0.8
25,Toxin,0.83
25,Toxin,0.79
25,Fungal,0.75
25,Fungal,0.78
25,Fungal,0.8
25,Fungal,0.77
25,Fungal,0.79
25,Fungal,0.78
25,Fungal,0.77
25,Fungal,0.76
25,Fungal,0.79
25,Fungal,0.74
25,Prion,0.7
25,Prion,0.74
25,Prion,0.76
25,Prion,0.73
25,Prion,0.75
25,Prion,0.74
25,Prion,0.72
25,Prion,0.71
25,Prion,0.75
25,Prion,0.7
26,Viral,0.8
26,Viral,0.75
26,Viral,0.82
26,Viral,0.78
26,Viral,0.8
26,Viral,0.77
26,Viral,0.79
26,Viral,0.81
26,Viral,0.76
26,Viral,0.8
26,Bacterial,0.9
26,Bacterial,0.88
26,Bacterial,0.92
26,Bacterial,0.85
26,Bacterial,0.9
26,Bacterial,0.89
26,Bacterial,0.87
26,Bacterial,0.91
26,Bacterial,0.86
26,Bacterial,0.9
26,Toxin,0.85
26,Toxin,0.9
26,Toxin,0.87
26,Toxin,0.88
26,Toxin,0.86
26,Toxin,0.84
26,Toxin,0.9
26,Toxin,0.85
26,Toxin,0.89
26,Toxin,0.87
26,Fungal,0.7
26,Fungal,0.65
26,Fungal,0.72
26,Fungal,0.68
26,Fungal,0.7
26,Fungal,0.69
26,Fungal,0.71
26,Fungal,0.73
26,Fungal,0.67
26,Fungal,0.7
26,Prion,0.6
26,Prion,0.55
26,Prion,0.58
26,Prion,0.6
26,Prion,0.65
26,Prion,0.57
26,Prion,0.59
26,Prion,0.62
26,Prion,0.56
26,Prion,0.6
27,Viral,0.9
27,Viral,0.88
27,Viral,0.92
27,Viral,0.85
27,Viral,0.9
27,Viral,0.87
27,Viral,0.93
27,Viral,0.86
27,Viral,0.91
27,Viral,0.89
27,Bacterial,0.85
27,Bacterial,0.8
27,Bacterial,0.86
27,Bacterial,0.82
27,Bacterial,0.88
27,Bacterial,0.84
27,Bacterial,0.9
27,Bacterial,0.83
27,Bacterial,0.87
27,Bacterial,0.85
27,Toxin,0.75
27,Toxin,0.7
27,Toxin,0.78
27,Toxin,0.77
27,Toxin,0.8
27,Toxin,0.74
27,Toxin,0.85
27,Toxin,0.73
27,Toxin,0.79
27,Toxin,0.76
27,Fungal,0.65
27,Fungal,0.6
27,Fungal,0.68
27,Fungal,0.7
27,Fungal,0.75
27,Fungal,0.64
27,Fungal,0.8
27,Fungal,0.63
27,Fungal,0.69
27,Fungal,0.66
27,Prion,0.5
27,Prion,0.55
27,Prion,0.58
27,Prion,0.6
27,Prion,0.65
27,Prion,0.54
27,Prion,0.7
27,Prion,0.53
27,Prion,0.59
27,Prion,0.56
28,Viral,0.9
28,Viral,0.88
28,Viral,0.92
28,Viral,0.85
28,Viral,0.9
28,Viral,0.87
28,Viral,0.89
28,Viral,0.91
28,Viral,0.88
28,Viral,0.9
28,Bacterial,0.85
28,Bacterial,0.9
28,Bacterial,0.88
28,Bacterial,0.87
28,Bacterial,0.92
28,Bacterial,0.85
28,Bacterial,0.9
28,Bacterial,0.93
28,Bacterial,0.86
28,Bacterial,0.91
28,Toxin,0.8
28,Toxin,0.85
28,Toxin,0.82
28,Toxin,0.9
28,Toxin,0.88
28,Toxin,0.83
28,Toxin,0.86
28,Toxin,0.89
28,Toxin,0.87
28,Toxin,0.85
28,Fungal,0.75
28,Fungal,0.7
28,Fungal,0.78
28,Fungal,0.8
28,Fungal,0.82
28,Fungal,0.77
28,Fungal,0.8
28,Fungal,0.84
28,Fungal,0.79
28,Fungal,0.81
28,Prion,0.6
28,Prion,0.65
28,Prion,0.7
28,Prion,0.68
28,Prion,0.75
28,Prion,0.6
28,Prion,0.65
28,Prion,0.7
28,Prion,0.67
28,Prion,0.72
29,Viral,0.9
29,Viral,0.85
29,Viral,0.88
29,Viral,0.92
29,Viral,0.86
29,Viral,0.91
29,Viral,0.87
29,Viral,0.93
29,Viral,0.89
29,Viral,0.84
29,Bacterial,0.8
29,Bacterial,0.75
29,Bacterial,0.78
29,Bacterial,0.82
29,Bacterial,0.76
29,Bacterial,0.81
29,Bacterial,0.77
29,Bacterial,0.83
29,Bacterial,0.79
29,Bacterial,0.74
29,Toxin,0.7
29,Toxin,0.65
29,Toxin,0.68
29,Toxin,0.72
29,Toxin,0.66
29,Toxin,0.71
29,Toxin,0.67
29,Toxin,0.73
29,Toxin,0.69
29,Toxin,0.64
29,Fungal,0.6
29,Fungal,0.55
29,Fungal,0.58
29,Fungal,0.62
29,Fungal,0.56
29,Fungal,0.61
29,Fungal,0.57
29,Fungal,0.63
29,Fungal,0.59
29,Fungal,0.54
29,Prion,0.5
29,Prion,0.45
29,Prion,0.48
29,Prion,0.52
29,Prion,0.46
29,Prion,0.51
29,Prion,0.47
29,Prion,0.53
29,Prion,0.49
29,Prion,0.44
30,Viral,0.8
30,Viral,0.7
30,Viral,0.9
30,Viral,0.85
30,Viral,0.75
30,Viral,0.8
30,Viral,0.82
30,Viral,0.77
30,Viral,0.84
30,Viral,0.79
30,Bacterial,0.9
30,Bacterial,0.8
30,Bacterial,0.95
30,Bacterial,0.9
30,Bacterial,0.85
30,Bacterial,0.88
30,Bacterial,0.9
30,Bacterial,0.86
30,Bacterial,0.92
30,Bacterial,0.87
30,Toxin,0.7
30,Toxin,0.6
30,Toxin,0.85
30,Toxin,0.8
30,Toxin,0.65
30,Toxin,0.7
30,Toxin,0.78
30,Toxin,0.67
30,Toxin,0.82
30,Toxin,0.69
30,Fungal,0.6
30,Fungal,0.5
30,Fungal,0.75
30,Fungal,0.65
30,Fungal,0.55
30,Fungal,0.6
30,Fungal,0.68
30,Fungal,0.57
30,Fungal,0.72
30,Fungal,0.59
30,Prion,0.4
30,Prion,0.3
30,Prion,0.5
30,Prion,0.45
30,Prion,0.35
30,Prion,0.4
30,Prion,0.48
30,Prion,0.37
30,Prion,0.52
30,Prion,0.39
31,Viral,0.1
31,Viral,0.0
31,Viral,0.2
31,Viral,0.1
31,Viral,0.0
31,Viral,0.1
31,Viral,0.2
31,Viral,0.0
31,Viral,0.1
31,Viral,0.2
31,Bacterial,0.1
31,Bacterial,0.0
31,Bacterial,0.2
31,Bacterial,0.1
31,Bacterial,0.0
31,Bacterial,0.1
31,Bacterial,0.2
31,Bacterial,0.0
31,Bacterial,0.1
31,Bacterial,0.2
31,Toxin,0.9
31,Toxin,1.0
31,Toxin,0.8
31,Toxin,0.9
31,Toxin,1.0
31,Toxin,0.9
31,Toxin,0.8
31,Toxin,1.0
31,Toxin,0.9
31,Toxin,0.8
31,Fungal,0.1
31,Fungal,0.0
31,Fungal,0.2
31,Fungal,0.1
31,Fungal,0.0
31,Fungal,0.1
31,Fungal,0.2
31,Fungal,0.0
31,Fungal,0.1
31,Fungal,0.2
31,Prion,0.1
31,Prion,0.0
31,Prion,0.2
31,Prion,0.1
31,Prion,0.0
31,Prion,0.1
31,Prion,0.2
31,Prion,0.0
31,Prion,0.1
31,Prion,0.2
32,Viral,0.9
32,Viral,0.85
32,Viral,0.88
32,Viral,0.92
32,Viral,0.86
32,Viral,0.87
32,Viral,0.91
32,Viral,0.93
32,Viral,0.89
32,Viral,0.84
32,Bacterial,0.8
32,Bacterial,0.75
32,Bacterial,0.78
32,Bacterial,0.82
32,Bacterial,0.76
32,Bacterial,0.77
32,Bacterial,0.81
32,Bacterial,0.83
32,Bacterial,0.79
32,Bacterial,0.74
32,Toxin,0.7
32,Toxin,0.65
32,Toxin,0.68
32,Toxin,0.72
32,Toxin,0.66
32,Toxin,0.67
32,Toxin,0.71
32,Toxin,0.73
32,Toxin,0.69
32,Toxin,0.64
32,Fungal,0.6
32,Fungal,0.55
32,Fungal,0.58
32,Fungal,0.62
32,Fungal,0.56
32,Fungal,0.57
32,Fungal,0.61
32,Fungal,0.63
32,Fungal,0.59
32,Fungal,0.54
32,Prion,0.5
32,Prion,0.45
32,Prion,0.48
32,Prion,0.52
32,Prion,0.46
32,Prion,0.47
32,Prion,0.51
32,Prion,0.53
32,Prion,0.49
32,Prion,0.44
33,Viral,0.9
33,Viral,0.88
33,Viral,0.92
33,Viral,0.85
33,Viral,0.9
33,Viral,0.87
33,Viral,0.91
33,Viral,0.86
33,Viral,0.89
33,Viral,0.9
33,Bacterial,0.85
33,Bacterial,0.8
33,Bacterial,0.86
33,Bacterial,0.82
33,Bacterial,0.88
33,Bacterial,0.83
33,Bacterial,0.89
33,Bacterial,0.84
33,Bacterial,0.87
33,Bacterial,0.85
33,Toxin,0.75
33,Toxin,0.78
33,Toxin,0.82
33,Toxin,0.77
33,Toxin,0.8
33,Toxin,0.79
33,Toxin,0.84
33,Toxin,0.76
33,Toxin,0.81
33,Toxin,0.83
33,Fungal,0.65
33,Fungal,0.7
33,Fungal,0.68
33,Fungal,0.7
33,Fungal,0.72
33,Fungal,0.67
33,Fungal,0.73
33,Fungal,0.69
33,Fungal,0.71
33,Fungal,0.74
33,Prion,0.5
33,Prion,0.55
33,Prion,0.6
33,Prion,0.58
33,Prion,0.6
33,Prion,0.52
33,Prion,0.61
33,Prion,0.53
33,Prion,0.59
33,Prion,0.57
34,Viral,0.9
34,Viral,0.88
34,Viral,0.92
34,Viral,0.87
34,Viral,0.85
34,Viral,0.9
34,Viral,0.91
34,Viral,0.89
34,Viral,0.93
34,Viral,0.86
34,Bacterial,0.85
34,Bacterial,0.86
34,Bacterial,0.9
34,Bacterial,0.84
34,Bacterial,0.82
34,Bacterial,0.88
34,Bacterial,0.89
34,Bacterial,0.87
34,Bacterial,0.91
34,Bacterial,0.85
34,Toxin,0.8
34,Toxin,0.82
34,Toxin,0.85
34,Toxin,0.8
34,Toxin,0.79
34,Toxin,0.83
34,Toxin,0.86
34,Toxin,0.84
34,Toxin,0.88
34,Toxin,0.81
34,Fungal,0.75
34,Fungal,0.7
34,Fungal,0.78
34,Fungal,0.72
34,Fungal,0.74
34,Fungal,0.77
34,Fungal,0.8
34,Fungal,0.75
34,Fungal,0.82
34,Fungal,0.73
34,Prion,0.6
34,Prion,0.65
34,Prion,0.7
34,Prion,0.68
34,Prion,0.6
34,Prion,0.65
34,Prion,0.7
34,Prion,0.63
34,Prion,0.72
34,Prion,0.67
35,Viral,0.9
35,Viral,0.88
35,Viral,0.92
35,Viral,0.87
35,Viral,0.9
35,Viral,0.91
35,Viral,0.93
35,Viral,0.89
35,Viral,0.88
35,Viral,0.9
35,Bacterial,0.85
35,Bacterial,0.86
35,Bacterial,0.9
35,Bacterial,0.84
35,Bacterial,0.88
35,Bacterial,0.89
35,Bacterial,0.91
35,Bacterial,0.87
35,Bacterial,0.85
35,Bacterial,0.88
35,Toxin,0.8
35,Toxin,0.82
35,Toxin,0.85
35,Toxin,0.8
35,Toxin,0.83
35,Toxin,0.86
35,Toxin,0.87
35,Toxin,0.84
35,Toxin,0.81
35,Toxin,0.85
35,Fungal,0.75
35,Fungal,0.7
35,Fungal,0.78
35,Fungal,0.74
35,Fungal,0.77
35,Fungal,0.8
35,Fungal,0.82
35,Fungal,0.79
35,Fungal,0.76
35,Fungal,0.8
35,Prion,0.6
35,Prion,0.65
35,Prion,0.7
35,Prion,0.68
35,Prion,0.69
35,Prion,0.72
35,Prion,0.75
35,Prion,0.7
35,Prion,0.67
35,Prion,0.73
36,Viral,0.1
36,Viral,0.1
36,Viral,0.05
36,Viral,0.2
36,Viral,0.1
36,Viral,0.15
36,Viral,0.05
36,Viral,0.1
36,Viral,0.08
36,Viral,0.12
36,Bacterial,0.9
36,Bacterial,0.85
36,Bacterial,0.95
36,Bacterial,0.9
36,Bacterial,0.88
36,Bacterial,0.92
36,Bacterial,0.87
36,Bacterial,0.93
36,Bacterial,0.9
36,Bacterial,0.89
36,Toxin,0.8
36,Toxin,0.75
36,Toxin,0.85
36,Toxin,0.7
36,Toxin,0.82
36,Toxin,0.78
36,Toxin,0.8
36,Toxin,0.85
36,Toxin,0.83
36,Toxin,0.77
36,Fungal,0.2
36,Fungal,0.15
36,Fungal,0.1
36,Fungal,0.3
36,Fungal,0.25
36,Fungal,0.2
36,Fungal,0.18
36,Fungal,0.22
36,Fungal,0.17
36,Fungal,0.19
36,Prion,0.1
36,Prion,0.1
36,Prion,0.05
36,Prion,0.1
36,Prion,0.08
36,Prion,0.12
36,Prion,0.07
36,Prion,0.09
36,Prion,0.06
36,Prion,0.11
37,Viral,0.8
37,Viral,0.7
37,Viral,0.85
37,Viral,0.75
37,Viral,0.8
37,Viral,0.77
37,Viral,0.82
37,Viral,0.78
37,Viral,0.76
37,Viral,0.79
37,Bacterial,0.9
37,Bacterial,0.8
37,Bacterial,0.9
37,Bacterial,0.85
37,Bacterial,0.88
37,Bacterial,0.86
37,Bacterial,0.91
37,Bacterial,0.87
37,Bacterial,0.84
37,Bacterial,0.88
37,Toxin,0.7
37,Toxin,0.6
37,Toxin,0.75
37,Toxin,0.65
37,Toxin,0.7
37,Toxin,0.68
37,Toxin,0.73
37,Toxin,0.69
37,Toxin,0.66
37,Toxin,0.67
37,Fungal,0.6
37,Fungal,0.5
37,Fungal,0.65
37,Fungal,0.55
37,Fungal,0.6
37,Fungal,0.58
37,Fungal,0.63
37,Fungal,0.59
37,Fungal,0.56
37,Fungal,0.57
37,Prion,0.4
37,Prion,0.3
37,Prion,0.5
37,Prion,0.45
37,Prion,0.4
37,Prion,0.38
37,Prion,0.43
37,Prion,0.39
37,Prion,0.36
37,Prion,0.37
38,Viral,0.9
38,Viral,0.85
38,Viral,0.88
38,Viral,0.9
38,Viral,0.87
38,Viral,0.92
38,Viral,0.85
38,Viral,0.88
38,Viral,0.9
38,Viral,0.89
38,Bacterial,0.8
38,Bacterial,0.75
38,Bacterial,0.82
38,Bacterial,0.85
38,Bacterial,0.8
38,Bacterial,0.78
38,Bacterial,0.77
38,Bacterial,0.83
38,Bacterial,0.8
38,Bacterial,0.81
38,Toxin,0.5
38,Toxin,0.55
38,Toxin,0.6
38,Toxin,0.58
38,Toxin,0.53
38,Toxin,0.5
38,Toxin,0.55
38,Toxin,0.57
38,Toxin,0.6
38,Toxin,0.52
38,Fungal,0.7
38,Fungal,0.65
38,Fungal,0.7
38,Fungal,0.75
38,Fungal,0.68
38,Fungal,0.72
38,Fungal,0.7
38,Fungal,0.74
38,Fungal,0.76
38,Fungal,0.73
38,Prion,0.2
38,Prion,0.25
38,Prion,0.3
38,Prion,0.22
38,Prion,0.27
38,Prion,0.2
38,Prion,0.25
38,Prion,0.28
38,Prion,0.23
38,Prion,0.21
39,Viral,0.8
39,Viral,0.7
39,Viral,0.9
39,Viral,0.6
39,Viral,0.8
39,Viral,0.7
39,Viral,0.9
39,Viral,0.6
39,Viral,0.8
39,Viral,0.7
39,Bacterial,0.7
39,Bacterial,0.6
39,Bacterial,0.8
39,Bacterial,0.7
39,Bacterial,0.9
39,Bacterial,0.6
39,Bacterial,0.8
39,Bacterial,0.5
39,Bacterial,0.7
39,Bacterial,0.8
39,Toxin,0.6
39,Toxin,0.7
39,Toxin,0.7
39,Toxin,0.8
39,Toxin,0.7
39,Toxin,0.5
39,Toxin,0.9
39,Toxin,0.4
39,Toxin,0.6
39,Toxin,0.9
39,Fungal,0.5
39,Fungal,0.6
39,Fungal,0.6
39,Fungal,0.4
39,Fungal,0.5
39,Fungal,0.7
39,Fungal,0.7
39,Fungal,0.6
39,Fungal,0.8
39,Fungal,0.6
39,Prion,0.4
39,Prion,0.5
39,Prion,0.5
39,Prion,0.3
39,Prion,0.6
39,Prion,0.4
39,Prion,0.6
39,Prion,0.7
39,Prion,0.5
39,Prion,0.4
40,Viral,0.9
40,Viral,0.88
40,Viral,0.92
40,Viral,0.87
40,Viral,0.9
40,Viral,0.91
40,Viral,0.93
40,Viral,0.89
40,Viral,0.94
40,Viral,0.88
40,Bacterial,0.85
40,Bacterial,0.84
40,Bacterial,0.89
40,Bacterial,0.83
40,Bacterial,0.86
40,Bacterial,0.87
40,Bacterial,0.88
40,Bacterial,0.85
40,Bacterial,0.9
40,Bacterial,0.84
40,Toxin,0.8
40,Toxin,0.82
40,Toxin,0.85
40,Toxin,0.79
40,Toxin,0.84
40,Toxin,0.83
40,Toxin,0.86
40,Toxin,0.81
40,Toxin,0.87
40,Toxin,0.8
40,Fungal,0.75
40,Fungal,0.78
40,Fungal,0.8
40,Fungal,0.75
40,Fungal,0.82
40,Fungal,0.79
40,Fungal,0.84
40,Fungal,0.77
40,Fungal,0.83
40,Fungal,0.76
40,Prion,0.7
40,Prion,0.74
40,Prion,0.76
40,Prion,0.72
40,Prion,0.78
40,Prion,0.75
40,Prion,0.8
40,Prion,0.73
40,Prion,0.79
40,Prion,0.72
41,Viral,0.1
41,Viral,0.1
41,Viral,0.1
41,Viral,0.05
41,Viral,0.2
41,Viral,0.15
41,Viral,0.1
41,Viral,0.05
41,Viral,0.2
41,Viral,0.1
41,Bacterial,0.9
41,Bacterial,0.8
41,Bacterial,0.85
41,Bacterial,0.95
41,Bacterial,0.9
41,Bacterial,0.85
41,Bacterial,0.9
41,Bacterial,0.95
41,Bacterial,0.8
41,Bacterial,0.85
41,Toxin,0.5
41,Toxin,0.6
41,Toxin,0.55
41,Toxin,0.5
41,Toxin,0.4
41,Toxin,0.45
41,Toxin,0.6
41,Toxin,0.55
41,Toxin,0.7
41,Toxin,0.65
41,Fungal,0.2
41,Fungal,0.2
41,Fungal,0.25
41,Fungal,0.1
41,Fungal,0.3
41,Fungal,0.25
41,Fungal,0.2
41,Fungal,0.15
41,Fungal,0.3
41,Fungal,0.2
41,Prion,0.1
41,Prion,0.1
41,Prion,0.15
41,Prion,0.05
41,Prion,0.2
41,Prion,0.1
41,Prion,0.1
41,Prion,0.05
41,Prion,0.2
41,Prion,0.15
42,Viral,0.1
42,Viral,0.2
42,Viral,0.1
42,Viral,0.2
42,Viral,0.15
42,Viral,0.1
42,Viral,0.2
42,Viral,0.15
42,Viral,0.1
42,Viral,0.2
42,Bacterial,0.9
42,Bacterial,0.8
42,Bacterial,0.9
42,Bacterial,0.85
42,Bacterial,0.95
42,Bacterial,0.9
42,Bacterial,0.85
42,Bacterial,0.9
42,Bacterial,0.88
42,Bacterial,0.87
42,Toxin,0.8
42,Toxin,0.7
42,Toxin,0.9
42,Toxin,0.75
42,Toxin,0.85
42,Toxin,0.8
42,Toxin,0.7
42,Toxin,0.85
42,Toxin,0.82
42,Toxin,0.78
42,Fungal,0.2
42,Fungal,0.3
42,Fungal,0.2
42,Fungal,0.25
42,Fungal,0.1
42,Fungal,0.2
42,Fungal,0.3
42,Fungal,0.15
42,Fungal,0.22
42,Fungal,0.25
42,Prion,0.1
42,Prion,0.1
42,Prion,0.1
42,Prion,0.15
42,Prion,0.05
42,Prion,0.1
42,Prion,0.2
42,Prion,0.1
42,Prion,0.12
42,Prion,0.1
43,Viral,0.9
43,Viral,0.8
43,Viral,0.85
43,Viral,0.9
43,Viral,0.95
43,Viral,0.87
43,Viral,0.8
43,Viral,0.88
43,Viral,0.9
43,Viral,0.85
43,Bacterial,0.1
43,Bacterial,0.2
43,Bacterial,0.15
43,Bacterial,0.1
43,Bacterial,0.05
43,Bacterial,0.13
43,Bacterial,0.2
43,Bacterial,0.12
43,Bacterial,0.1
43,Bacterial,0.15
43,Toxin,0.2
43,Toxin,0.1
43,Toxin,0.05
43,Toxin,0.1
43,Toxin,0.0
43,Toxin,0.0
43,Toxin,0.0
43,Toxin,0.0
43,Toxin,0.0
43,Toxin,0.0
43,Fungal,0.1
43,Fungal,0.1
43,Fungal,0.05
43,Fungal,0.0
43,Fungal,0.0
43,Fungal,0.0
43,Fungal,0.0
43,Fungal,0.0
43,Fungal,0.0
43,Fungal,0.0
43,Prion,0.0
43,Prion,0.0
43,Prion,0.0
43,Prion,0.0
43,Prion,0.0
43,Prion,0.0
43,Prion,0.0
43,Prion,0.0
43,Prion,0.0
43,Prion,0.0
44,Viral,0.9
44,Viral,0.8
44,Viral,0.85
44,Viral,0.9
44,Viral,0.95
44,Viral,0.87
44,Viral,0.9
44,Viral,0.88
44,Viral,0.92
44,Viral,0.85
44,Bacterial,0.2
44,Bacterial,0.1
44,Bacterial,0.15
44,Bacterial,0.2
44,Bacterial,0.1
44,Bacterial,0.13
44,Bacterial,0.1
44,Bacterial,0.12
44,Bacterial,0.08
44,Bacterial,0.15
44,Toxin,0.1
44,Toxin,0.2
44,Toxin,0.05
44,Toxin,0.1
44,Toxin,0.1
44,Toxin,0.1
44,Toxin,0.2
44,Toxin,0.15
44,Toxin,0.1
44,Toxin,0.05
44,Fungal,0.1
44,Fungal,0.1
44,Fungal,0.05
44,Fungal,0.0
44,Fungal,0.05
44,Fungal,0.1
44,Fungal,0.1
44,Fungal,0.05
44,Fungal,0.1
44,Fungal,0.05
44,Prion,0.0
44,Prion,0.0
44,Prion,0.0
44,Prion,0.0
44,Prion,0.0
44,Prion,0.0
44,Prion,0.0
44,Prion,0.0
44,Prion,0.0
44,Prion,0.0
45,Viral,0.8
45,Viral,0.7
45,Viral,0.9
45,Viral,0.6
45,Viral,0.85
45,Viral,0.75
45,Viral,0.8
45,Viral,0.7
45,Viral,0.9
45,Viral,0.65
45,Bacterial,0.9
45,Bacterial,0.8
45,Bacterial,0.9
45,Bacterial,0.7
45,Bacterial,0.95
45,Bacterial,0.85
45,Bacterial,0.9
45,Bacterial,0.8
45,Bacterial,1.0
45,Bacterial,0.75
45,Toxin,0.7
45,Toxin,0.6
45,Toxin,0.8
45,Toxin,0.5
45,Toxin,0.75
45,Toxin,0.65
45,Toxin,0.7
45,Toxin,0.6
45,Toxin,0.85
45,Toxin,0.55
45,Fungal,0.6
45,Fungal,0.5
45,Fungal,0.7
45,Fungal,0.4
45,Fungal,0.65
45,Fungal,0.55
45,Fungal,0.6
45,Fungal,0.5
45,Fungal,0.75
45,Fungal,0.45
45,Prion,0.4
45,Prion,0.3
45,Prion,0.5
45,Prion,0.2
45,Prion,0.45
45,Prion,0.35
45,Prion,0.4
45,Prion,0.3
45,Prion,0.55
45,Prion,0.25
46,Viral,0.9
46,Viral,0.85
46,Viral,0.88
46,Viral,0.92
46,Viral,0.86
46,Viral,0.87
46,Viral,0.91
46,Viral,0.89
46,Viral,0.93
46,Viral,0.84
46,Bacterial,0.8
46,Bacterial,0.75
46,Bacterial,0.78
46,Bacterial,0.82
46,Bacterial,0.76
46,Bacterial,0.77
46,Bacterial,0.81
46,Bacterial,0.79
46,Bacterial,0.83
46,Bacterial,0.74
46,Toxin,0.7
46,Toxin,0.65
46,Toxin,0.68
46,Toxin,0.72
46,Toxin,0.66
46,Toxin,0.67
46,Toxin,0.71
46,Toxin,0.69
46,Toxin,0.73
46,Toxin,0.64
46,Fungal,0.6
46,Fungal,0.55
46,Fungal,0.58
46,Fungal,0.62
46,Fungal,0.56
46,Fungal,0.57
46,Fungal,0.61
46,Fungal,0.59
46,Fungal,0.63
46,Fungal,0.54
46,Prion,0.4
46,Prion,0.35
46,Prion,0.38
46,Prion,0.42
46,Prion,0.36
46,Prion,0.37
46,Prion,0.41
46,Prion,0.39
46,Prion,0.43
46,Prion,0.34
47,Viral,0.9
47,Viral,0.85
47,Viral,0.88
47,Viral,0.92
47,Viral,0.87
47,Viral,0.9
47,Viral,0.93
47,Viral,0.89
47,Viral,0.91
47,Viral,0.86
47,Bacterial,0.8
47,Bacterial,0.75
47,Bacterial,0.78
47,Bacterial,0.82
47,Bacterial,0.77
47,Bacterial,0.85
47,Bacterial,0.83
47,Bacterial,0.79
47,Bacterial,0.81
47,Bacterial,0.76
47,Toxin,0.5
47,Toxin,0.55
47,Toxin,0.58
47,Toxin,0.62
47,Toxin,0.57
47,Toxin,0.65
47,Toxin,0.53
47,Toxin,0.59
47,Toxin,0.61
47,Toxin,0.56
47,Fungal,0.4
47,Fungal,0.45
47,Fungal,0.38
47,Fungal,0.42
47,Fungal,0.47
47,Fungal,0.35
47,Fungal,0.33
47,Fungal,0.39
47,Fungal,0.41
47,Fungal,0.46
47,Prion,0.2
47,Prion,0.25
47,Prion,0.28
47,Prion,0.22
47,Prion,0.27
47,Prion,0.15
47,Prion,0.13
47,Prion,0.19
47,Prion,0.21
47,Prion,0.26
48,Viral,0.9
48,Viral,0.85
48,Viral,0.88
48,Viral,0.92
48,Viral,0.87
48,Viral,0.9
48,Viral,0.93
48,Viral,0.89
48,Viral,0.91
48,Viral,0.86
48,Bacterial,0.2
48,Bacterial,0.25
48,Bacterial,0.3
48,Bacterial,0.22
48,Bacterial,0.18
48,Bacterial,0.2
48,Bacterial,0.21
48,Bacterial,0.19
48,Bacterial,0.23
48,Bacterial,0.17
48,Toxin,0.1
48,Toxin,0.15
48,Toxin,0.2
48,Toxin,0.12
48,Toxin,0.09
48,Toxin,0.1
48,Toxin,0.11
48,Toxin,0.14
48,Toxin,0.13
48,Toxin,0.08
48,Fungal,0.1
48,Fungal,0.05
48,Fungal,0.1
48,Fungal,0.08
48,Fungal,0.07
48,Fungal,0.06
48,Fungal,0.03
48,Fungal,0.04
48,Fungal,0.09
48,Fungal,0.05
48,Prion,0.0
48,Prion,0.0
48,Prion,0.05
48,Prion,0.01
48,Prion,0.02
48,Prion,0.0
48,Prion,0.0
48,Prion,0.01
48,Prion,0.03
48,Prion,0.0
49,Viral,0.9
49,Viral,0.8
49,Viral,0.85
49,Viral,0.9
49,Viral,0.95
49,Viral,0.9
49,Viral,0.85
49,Viral,0.8
49,Viral,0.75
49,Viral,0.9
49,Bacterial,0.2
49,Bacterial,0.3
49,Bacterial,0.25
49,Bacterial,0.1
49,Bacterial,0.2
49,Bacterial,0.15
49,Bacterial,0.3
49,Bacterial,0.2
49,Bacterial,0.25
49,Bacterial,0.1
49,Toxin,0.1
49,Toxin,0.2
49,Toxin,0.15
49,Toxin,0.05
49,Toxin,0.1
49,Toxin,0.2
49,Toxin,0.25
49,Toxin,0.1
49,Toxin,0.15
49,Toxin,0.05
49,Fungal,0.1
49,Fungal,0.1
49,Fungal,0.05
49,Fungal,0.05
49,Fungal,0.0
49,Fungal,0.1
49,Fungal,0.2
49,Fungal,0.1
49,Fungal,0.05
49,Fungal,0.0
49,Prion,0.0
49,Prion,0.0
49,Prion,0.0
49,Prion,0.0
49,Prion,0.0
49,Prion,0.0
49,Prion,0.05
49,Prion,0.0
49,Prion,0.0
49,Prion,0.0
50,Viral,0.9
50,Viral,0.88
50,Viral,0.92
50,Viral,0.87
50,Viral,0.9
50,Viral,0.91
50,Viral,0.89
50,Viral,0.88
50,Viral,0.9
50,Viral,0.87
50,Bacterial,0.85
50,Bacterial,0.84
50,Bacterial,0.89
50,Bacterial,0.83
50,Bacterial,0.86
50,Bacterial,0.87
50,Bacterial,0.85
50,Bacterial,0.84
50,Bacterial,0.86
50,Bacterial,0.83
50,Toxin,0.8
50,Toxin,0.82
50,Toxin,0.85
50,Toxin,0.79
50,Toxin,0.83
50,Toxin,0.84
50,Toxin,0.81
50,Toxin,0.8
50,Toxin,0.82
50,Toxin,0.79
50,Fungal,0.75
50,Fungal,0.78
50,Fungal,0.8
50,Fungal,0.75
50,Fungal,0.77
50,Fungal,0.79
50,Fungal,0.76
50,Fungal,0.77
50,Fungal,0.78
50,Fungal,0.74
50,Prion,0.7
50,Prion,0.74
50,Prion,0.76
50,Prion,0.72
50,Prion,0.74
50,Prion,0.75
50,Prion,0.71
50,Prion,0.73
50,Prion,0.74
50,Prion,0.7
51,Viral,0.9
51,Viral,0.88
51,Viral,0.92
51,Viral,0.87
51,Viral,0.9
51,Viral,0.91
51,Viral,0.89
51,Viral,0.93
51,Viral,0.88
51,Viral,0.9
51,Bacterial,0.85
51,Bacterial,0.84
51,Bacterial,0.89
51,Bacterial,0.83
51,Bacterial,0.86
51,Bacterial,0.87
51,Bacterial,0.85
51,Bacterial,0.9
51,Bacterial,0.84
51,Bacterial,0.86
51,Toxin,0.8
51,Toxin,0.82
51,Toxin,0.85
51,Toxin,0.79
51,Toxin,0.83
51,Toxin,0.84
51,Toxin,0.81
51,Toxin,0.86
51,Toxin,0.8
51,Toxin,0.82
51,Fungal,0.75
51,Fungal,0.78
51,Fungal,0.8
51,Fungal,0.75
51,Fungal,0.77
51,Fungal,0.79
51,Fungal,0.76
51,Fungal,0.82
51,Fungal,0.76
51,Fungal,0.78
51,Prion,0.7
51,Prion,0.74
51,Prion,0.76
51,Prion,0.72
51,Prion,0.74
51,Prion,0.75
51,Prion,0.71
51,Prion,0.78
51,Prion,0.72
51,Prion,0.73
52,Viral,0.8
52,Viral,0.7
52,Viral,0.9
52,Viral,0.6
52,Viral,0.85
52,Viral,0.75
52,Viral,0.65
52,Viral,0.8
52,Viral,0.9
52,Viral,0.7
52,Bacterial,0.7
52,Bacterial,0.8
52,Bacterial,0.85
52,Bacterial,0.7
52,Bacterial,0.75
52,Bacterial,0.85
52,Bacterial,0.55
52,Bacterial,0.9
52,Bacterial,0.8
52,Bacterial,0.6
52,Toxin,0.6
52,Toxin,0.7
52,Toxin,0.75
52,Toxin,0.8
52,Toxin,0.65
52,Toxin,0.95
52,Toxin,0.45
52,Toxin,0.7
52,Toxin,0.7
52,Toxin,0.5
52,Fungal,0.5
52,Fungal,0.6
52,Fungal,0.65
52,Fungal,0.4
52,Fungal,0.55
52,Fungal,0.85
52,Fungal,0.35
52,Fungal,0.6
52,Fungal,0.8
52,Fungal,0.4
52,Prion,0.4
52,Prion,0.5
52,Prion,0.55
52,Prion,0.3
52,Prion,0.45
52,Prion,0.75
52,Prion,0.25
52,Prion,0.5
52,Prion,0.7
52,Prion,0.3
53,Viral,0.7
53,Viral,0.6
53,Viral,0.8
53,Viral,0.5
53,Viral,0.9
53,Viral,0.4
53,Viral,0.6
53,Viral,0.7
53,Viral,0.5
53,Viral,0.8
53,Bacterial,0.6
53,Bacterial,0.7
53,Bacterial,0.7
53,Bacterial,0.6
53,Bacterial,0.8
53,Bacterial,0.5
53,Bacterial,0.7
53,Bacterial,0.8
53,Bacterial,0.4
53,Bacterial,0.9
53,Toxin,0.5
53,Toxin,0.6
53,Toxin,0.7
53,Toxin,0.5
53,Toxin,0.7
53,Toxin,0.4
53,Toxin,0.6
53,Toxin,0.7
53,Toxin,0.3
53,Toxin,0.8
53,Fungal,0.4
53,Fungal,0.5
53,Fungal,0.6
53,Fungal,0.4
53,Fungal,0.6
53,Fungal,0.3
53,Fungal,0.5
53,Fungal,0.6
53,Fungal,0.2
53,Fungal,0.7
53,Prion,0.3
53,Prion,0.4
53,Prion,0.5
53,Prion,0.3
53,Prion,0.5
53,Prion,0.2
53,Prion,0.4
53,Prion,0.5
53,Prion,0.1
53,Prion,0.6
54,Viral,0.8
54,Viral,0.7
54,Viral,0.9
54,Viral,0.6
54,Viral,0.85
54,Viral,0.75
54,Viral,0.65
54,Viral,0.8
54,Viral,0.7
54,Viral,0.9
54,Bacterial,0.7
54,Bacterial,0.8
54,Bacterial,0.85
54,Bacterial,0.7
54,Bacterial,0.75
54,Bacterial,0.85
54,Bacterial,0.55
54,Bacterial,0.9
54,Bacterial,0.6
54,Bacterial,0.8
54,Toxin,0.6
54,Toxin,0.7
54,Toxin,0.75
54,Toxin,0.8
54,Toxin,0.65
54,Toxin,0.95
54,Toxin,0.45
54,Toxin,0.7
54,Toxin,0.5
54,Toxin,0.85
54,Fungal,0.5
54,Fungal,0.6
54,Fungal,0.65
54,Fungal,0.4
54,Fungal,0.55
54,Fungal,0.85
54,Fungal,0.35
54,Fungal,0.6
54,Fungal,0.4
54,Fungal,0.75
54,Prion,0.4
54,Prion,0.5
54,Prion,0.55
54,Prion,0.3
54,Prion,0.45
54,Prion,0.75
54,Prion,0.25
54,Prion,0.5
54,Prion,0.3
54,Prion,0.65
55,Viral,0.8
55,Viral,0.7
55,Viral,0.9
55,Viral,0.85
55,Viral,0.8
55,Viral,0.75
55,Viral,0.9
55,Viral,0.8
55,Viral,0.85
55,Viral,0.75
55,Bacterial,0.9
55,Bacterial,0.8
55,Bacterial,0.9
55,Bacterial,0.95
55,Bacterial,0.85
55,Bacterial,0.85
55,Bacterial,0.95
55,Bacterial,0.9
55,Bacterial,0.9
55,Bacterial,0.85
55,Toxin,0.7
55,Toxin,0.6
55,Toxin,0.8
55,Toxin,0.75
55,Toxin,0.7
55,Toxin,0.65
55,Toxin,0.85
55,Toxin,0.7
55,Toxin,0.8
55,Toxin,0.65
55,Fungal,0.6
55,Fungal,0.5
55,Fungal,0.7
55,Fungal,0.65
55,Fungal,0.6
55,Fungal,0.55
55,Fungal,0.75
55,Fungal,0.6
55,Fungal,0.7
55,Fungal,0.55
55,Prion,0.5
55,Prion,0.4
55,Prion,0.6
55,Prion,0.55
55,Prion,0.5
55,Prion,0.45
55,Prion,0.65
55,Prion,0.5
55,Prion,0.6
55,Prion,0.45
56,Viral,0.9
56,Viral,0.88
56,Viral,0.92
56,Viral,0.87
56,Viral,0.9
56,Viral,0.91
56,Viral,0.89
56,Viral,0.93
56,Viral,0.88
56,Viral,0.9
56,Bacterial,0.85
56,Bacterial,0.84
56,Bacterial,0.89
56,Bacterial,0.83
56,Bacterial,0.86
56,Bacterial,0.88
56,Bacterial,0.85
56,Bacterial,0.9
56,Bacterial,0.84
56,Bacterial,0.87
56,Toxin,0.8
56,Toxin,0.82
56,Toxin,0.85
56,Toxin,0.79
56,Toxin,0.83
56,Toxin,0.84
56,Toxin,0.81
56,Toxin,0.86
56,Toxin,0.8
56,Toxin,0.83
56,Fungal,0.75
56,Fungal,0.78
56,Fungal,0.8
56,Fungal,0.75
56,Fungal,0.77
56,Fungal,0.79
56,Fungal,0.76
56,Fungal,0.82
56,Fungal,0.76
56,Fungal,0.78
56,Prion,0.7
56,Prion,0.74
56,Prion,0.76
56,Prion,0.72
56,Prion,0.74
56,Prion,0.75
56,Prion,0.71
56,Prion,0.78
56,Prion,0.72
56,Prion,0.73
57,Viral,0.9
57,Viral,0.85
57,Viral,0.88
57,Viral,0.92
57,Viral,0.9
57,Viral,0.87
57,Viral,0.93
57,Viral,0.89
57,Viral,0.91
57,Viral,0.86
57,Bacterial,0.4
57,Bacterial,0.5
57,Bacterial,0.45
57,Bacterial,0.38
57,Bacterial,0.42
57,Bacterial,0.47
57,Bacterial,0.4
57,Bacterial,0.39
57,Bacterial,0.41
57,Bacterial,0.46
57,Toxin,0.3
57,Toxin,0.35
57,Toxin,0.4
57,Toxin,0.28
57,Toxin,0.32
57,Toxin,0.37
57,Toxin,0.3
57,Toxin,0.29
57,Toxin,0.31
57,Toxin,0.36
57,Fungal,0.2
57,Fungal,0.25
57,Fungal,0.3
57,Fungal,0.18
57,Fungal,0.22
57,Fungal,0.27
57,Fungal,0.2
57,Fungal,0.19
57,Fungal,0.21
57,Fungal,0.26
57,Prion,0.1
57,Prion,0.15
57,Prion,0.2
57,Prion,0.08
57,Prion,0.12
57,Prion,0.17
57,Prion,0.1
57,Prion,0.09
57,Prion,0.11
57,Prion,0.16
58,Viral,0.9
58,Viral,0.88
58,Viral,0.92
58,Viral,0.85
58,Viral,0.9
58,Viral,0.87
58,Viral,0.91
58,Viral,0.86
58,Viral,0.89
58,Viral,0.9
58,Bacterial,0.85
58,Bacterial,0.84
58,Bacterial,0.87
58,Bacterial,0.82
58,Bacterial,0.88
58,Bacterial,0.85
58,Bacterial,0.89
58,Bacterial,0.84
58,Bacterial,0.86
58,Bacterial,0.87
58,Toxin,0.75
58,Toxin,0.78
58,Toxin,0.8
58,Toxin,0.77
58,Toxin,0.82
58,Toxin,0.8
58,Toxin,0.83
58,Toxin,0.79
58,Toxin,0.81
58,Toxin,0.82
58,Fungal,0.65
58,Fungal,0.7
58,Fungal,0.68
58,Fungal,0.7
58,Fungal,0.75
58,Fungal,0.65
58,Fungal,0.72
58,Fungal,0.67
58,Fungal,0.74
58,Fungal,0.76
58,Prion,0.5
58,Prion,0.55
58,Prion,0.6
58,Prion,0.5
58,Prion,0.58
58,Prion,0.53
58,Prion,0.57
58,Prion,0.52
58,Prion,0.56
58,Prion,0.6
59,Viral,0.9
59,Viral,0.88
59,Viral,0.92
59,Viral,0.85
59,Viral,0.9
59,Viral,0.91
59,Viral,0.87
59,Viral,0.86
59,Viral,0.9
59,Viral,0.89
59,Bacterial,0.85
59,Bacterial,0.86
59,Bacterial,0.9
59,Bacterial,0.8
59,Bacterial,0.87
59,Bacterial,0.89
59,Bacterial,0.85
59,Bacterial,0.84
59,Bacterial,0.88
59,Bacterial,0.87
59,Toxin,0.8
59,Toxin,0.82
59,Toxin,0.85
59,Toxin,0.75
59,Toxin,0.83
59,Toxin,0.84
59,Toxin,0.8
59,Toxin,0.78
59,Toxin,0.83
59,Toxin,0.81
59,Fungal,0.75
59,Fungal,0.7
59,Fungal,0.78
59,Fungal,0.65
59,Fungal,0.77
59,Fungal,0.79
59,Fungal,0.72
59,Fungal,0.7
59,Fungal,0.75
59,Fungal,0.74
59,Prion,0.6
59,Prion,0.65
59,Prion,0.7
59,Prion,0.6
59,Prion,0.68
59,Prion,0.7
59,Prion,0.67
59,Prion,0.65
59,Prion,0.69
59,Prion,0.66
60,Viral,0.9
60,Viral,0.88
60,Viral,0.92
60,Viral,0.87
60,Viral,0.9
60,Viral,0.91
60,Viral,0.89
60,Viral,0.93
60,Viral,0.88
60,Viral,0.9
60,Bacterial,0.85
60,Bacterial,0.84
60,Bacterial,0.89
60,Bacterial,0.83
60,Bacterial,0.86
60,Bacterial,0.88
60,Bacterial,0.85
60,Bacterial,0.9
60,Bacterial,0.84
60,Bacterial,0.87
60,Toxin,0.8
60,Toxin,0.82
60,Toxin,0.85
60,Toxin,0.79
60,Toxin,0.83
60,Toxin,0.84
60,Toxin,0.81
60,Toxin,0.86
60,Toxin,0.8
60,Toxin,0.83
60,Fungal,0.75
60,Fungal,0.78
60,Fungal,0.8
60,Fungal,0.75
60,Fungal,0.77
60,Fungal,0.79
60,Fungal,0.76
60,Fungal,0.82
60,Fungal,0.76
60,Fungal,0.78
60,Prion,0.7
60,Prion,0.74
60,Prion,0.76
60,Prion,0.72
60,Prion,0.74
60,Prion,0.75
60,Prion,0.71
60,Prion,0.78
60,Prion,0.73
60,Prion,0.75
61,Viral,0.9
61,Viral,0.85
61,Viral,0.88
61,Viral,0.92
61,Viral,0.86
61,Viral,0.87
61,Viral,0.91
61,Viral,0.89
61,Viral,0.84
61,Viral,0.9
61,Bacterial,0.8
61,Bacterial,0.75
61,Bacterial,0.78
61,Bacterial,0.82
61,Bacterial,0.76
61,Bacterial,0.77
61,Bacterial,0.81
61,Bacterial,0.79
61,Bacterial,0.74
61,Bacterial,0.8
61,Toxin,0.7
61,Toxin,0.65
61,Toxin,0.68
61,Toxin,0.72
61,Toxin,0.66
61,Toxin,0.67
61,Toxin,0.71
61,Toxin,0.69
61,Toxin,0.64
61,Toxin,0.7
61,Fungal,0.6
61,Fungal,0.55
61,Fungal,0.58
61,Fungal,0.62
61,Fungal,0.56
61,Fungal,0.57
61,Fungal,0.61
61,Fungal,0.59
61,Fungal,0.54
61,Fungal,0.6
61,Prion,0.5
61,Prion,0.45
61,Prion,0.48
61,Prion,0.52
61,Prion,0.46
61,Prion,0.47
61,Prion,0.51
61,Prion,0.49
61,Prion,0.44
61,Prion,0.5
62,Viral,0.9
62,Viral,0.85
62,Viral,0.88
62,Viral,0.92
62,Viral,0.86
62,Viral,0.89
62,Viral,0.91
62,Viral,0.87
62,Viral,0.93
62,Viral,0.84
62,Bacterial,0.8
62,Bacterial,0.75
62,Bacterial,0.78
62,Bacterial,0.82
62,Bacterial,0.76
62,Bacterial,0.79
62,Bacterial,0.81
62,Bacterial,0.77
62,Bacterial,0.83
62,Bacterial,0.74
62,Toxin,0.7
62,Toxin,0.65
62,Toxin,0.68
62,Toxin,0.72
62,Toxin,0.66
62,Toxin,0.69
62,Toxin,0.71
62,Toxin,0.67
62,Toxin,0.73
62,Toxin,0.64
62,Fungal,0.6
62,Fungal,0.55
62,Fungal,0.58
62,Fungal,0.62
62,Fungal,0.56
62,Fungal,0.59
62,Fungal,0.61
62,Fungal,0.57
62,Fungal,0.63
62,Fungal,0.54
62,Prion,0.5
62,Prion,0.45
62,Prion,0.48
62,Prion,0.52
62,Prion,0.46
62,Prion,0.49
62,Prion,0.51
62,Prion,0.47
62,Prion,0.53
62,Prion,0.44
63,Viral,0.9
63,Viral,0.88
63,Viral,0.92
63,Viral,0.85
63,Viral,0.9
63,Viral,0.87
63,Viral,0.91
63,Viral,0.89
63,Viral,0.93
63,Viral,0.86
63,Bacterial,0.85
63,Bacterial,0.8
63,Bacterial,0.87
63,Bacterial,0.82
63,Bacterial,0.84
63,Bacterial,0.83
63,Bacterial,0.86
63,Bacterial,0.85
63,Bacterial,0.88
63,Bacterial,0.81
63,Toxin,0.75
63,Toxin,0.78
63,Toxin,0.8
63,Toxin,0.77
63,Toxin,0.79
63,Toxin,0.74
63,Toxin,0.81
63,Toxin,0.76
63,Toxin,0.82
63,Toxin,0.75
63,Fungal,0.65
63,Fungal,0.7
63,Fungal,0.68
63,Fungal,0.7
63,Fungal,0.72
63,Fungal,0.69
63,Fungal,0.73
63,Fungal,0.71
63,Fungal,0.74
63,Fungal,0.67
63,Prion,0.5
63,Prion,0.55
63,Prion,0.6
63,Prion,0.58
63,Prion,0.6
63,Prion,0.53
63,Prion,0.57
63,Prion,0.54
63,Prion,0.59
63,Prion,0.52
64,Viral,0.9
64,Viral,0.88
64,Viral,0.92
64,Viral,0.87
64,Viral,0.9
64,Viral,0.91
64,Viral,0.89
64,Viral,0.93
64,Viral,0.88
64,Viral,0.9
64,Bacterial,0.85
64,Bacterial,0.84
64,Bacterial,0.89
64,Bacterial,0.83
64,Bacterial,0.86
64,Bacterial,0.87
64,Bacterial,0.85
64,Bacterial,0.9
64,Bacterial,0.84
64,Bacterial,0.86
64,Toxin,0.8
64,Toxin,0.82
64,Toxin,0.85
64,Toxin,0.81
64,Toxin,0.84
64,Toxin,0.83
64,Toxin,0.82
64,Toxin,0.86
64,Toxin,0.8
64,Toxin,0.83
64,Fungal,0.75
64,Fungal,0.78
64,Fungal,0.8
64,Fungal,0.77
64,Fungal,0.79
64,Fungal,0.78
64,Fungal,0.76
64,Fungal,0.81
64,Fungal,0.75
64,Fungal,0.78
64,Prion,0.7
64,Prion,0.74
64,Prion,0.76
64,Prion,0.73
64,Prion,0.75
64,Prion,0.74
64,Prion,0.72
64,Prion,0.77
64,Prion,0.71
64,Prion,0.74
65,Viral,0.9
65,Viral,0.88
65,Viral,0.92
65,Viral,0.87
65,Viral,0.9
65,Viral,0.91
65,Viral,0.89
65,Viral,0.93
65,Viral,0.88
65,Viral,0.9
65,Bacterial,0.85
65,Bacterial,0.84
65,Bacterial,0.89
65,Bacterial,0.83
65,Bacterial,0.86
65,Bacterial,0.87
65,Bacterial,0.85
65,Bacterial,0.9
65,Bacterial,0.84
65,Bacterial,0.86
65,Toxin,0.8
65,Toxin,0.82
65,Toxin,0.85
65,Toxin,0.79
65,Toxin,0.83
65,Toxin,0.84
65,Toxin,0.81
65,Toxin,0.86
65,Toxin,0.8
65,Toxin,0.82
65,Fungal,0.75
65,Fungal,0.78
65,Fungal,0.8
65,Fungal,0.75
65,Fungal,0.77
65,Fungal,0.79
65,Fungal,0.76
65,Fungal,0.82
65,Fungal,0.76
65,Fungal,0.78
65,Prion,0.7
65,Prion,0.74
65,Prion,0.76
65,Prion,0.71
65,Prion,0.73
65,Prion,0.75
65,Prion,0.72
65,Prion,0.78
65,Prion,0.72
65,Prion,0.74
66,Viral,0.8
66,Viral,0.7
66,Viral,0.9
66,Viral,0.6
66,Viral,0.85
66,Viral,0.75
66,Viral,0.65
66,Viral,0.8
66,Viral,0.9
66,Viral,0.7
66,Bacterial,0.7
66,Bacterial,0.8
66,Bacterial,0.85
66,Bacterial,0.7
66,Bacterial,0.75
66,Bacterial,0.85
66,Bacterial,0.55
66,Bacterial,0.9
66,Bacterial,0.8
66,Bacterial,0.6
66,Toxin,0.6
66,Toxin,0.7
66,Toxin,0.75
66,Toxin,0.8
66,Toxin,0.65
66,Toxin,0.95
66,Toxin,0.45
66,Toxin,0.7
66,Toxin,0.7
66,Toxin,0.5
66,Fungal,0.5
66,Fungal,0.6
66,Fungal,0.65
66,Fungal,0.4
66,Fungal,0.55
66,Fungal,0.85
66,Fungal,0.35
66,Fungal,0.6
66,Fungal,0.6
66,Fungal,0.4
66,Prion,0.4
66,Prion,0.5
66,Prion,0.55
66,Prion,0.3
66,Prion,0.45
66,Prion,0.75
66,Prion,0.25
66,Prion,0.5
66,Prion,0.5
66,Prion,0.3
67,Viral,0.8
67,Viral,0.7
67,Viral,0.9
67,Viral,0.6
67,Viral,0.85
67,Viral,0.75
67,Viral,0.65
67,Viral,0.8
67,Viral,0.7
67,Viral,0.9
67,Bacterial,0.7
67,Bacterial,0.8
67,Bacterial,0.85
67,Bacterial,0.7
67,Bacterial,0.75
67,Bacterial,0.85
67,Bacterial,0.55
67,Bacterial,0.9
67,Bacterial,0.6
67,Bacterial,0.8
67,Toxin,0.6
67,Toxin,0.7
67,Toxin,0.75
67,Toxin,0.8
67,Toxin,0.65
67,Toxin,0.95
67,Toxin,0.45
67,Toxin,0.7
67,Toxin,0.5
67,Toxin,0.85
67,Fungal,0.5
67,Fungal,0.6
67,Fungal,0.65
67,Fungal,0.4
67,Fungal,0.55
67,Fungal,0.85
67,Fungal,0.35
67,Fungal,0.6
67,Fungal,0.4
67,Fungal,0.75
67,Prion,0.4
67,Prion,0.5
67,Prion,0.55
67,Prion,0.3
67,Prion,0.45
67,Prion,0.75
67,Prion,0.25
67,Prion,0.5
67,Prion,0.3
67,Prion,0.65
68,Viral,0.9
68,Viral,0.88
68,Viral,0.92
68,Viral,0.87
68,Viral,0.9
68,Viral,0.91
68,Viral,0.89
68,Viral,0.93
68,Viral,0.87
68,Viral,0.9
68,Bacterial,0.85
68,Bacterial,0.84
68,Bacterial,0.89
68,Bacterial,0.83
68,Bacterial,0.86
68,Bacterial,0.87
68,Bacterial,0.85
68,Bacterial,0.88
68,Bacterial,0.84
68,Bacterial,0.86
68,Toxin,0.8
68,Toxin,0.82
68,Toxin,0.85
68,Toxin,0.81
68,Toxin,0.84
68,Toxin,0.83
68,Toxin,0.82
68,Toxin,0.86
68,Toxin,0.8
68,Toxin,0.83
68,Fungal,0.75
68,Fungal,0.78
68,Fungal,0.8
68,Fungal,0.77
68,Fungal,0.79
68,Fungal,0.78
68,Fungal,0.77
68,Fungal,0.81
68,Fungal,0.75
68,Fungal,0.78
68,Prion,0.7
68,Prion,0.74
68,Prion,0.76
68,Prion,0.73
68,Prion,0.75
68,Prion,0.74
68,Prion,0.72
68,Prion,0.77
68,Prion,0.7
68,Prion,0.73
69,Viral,0.9
69,Viral,0.88
69,Viral,0.92
69,Viral,0.87
69,Viral,0.9
69,Viral,0.91
69,Viral,0.93
69,Viral,0.89
69,Viral,0.94
69,Viral,0.9
69,Bacterial,0.85
69,Bacterial,0.84
69,Bacterial,0.9
69,Bacterial,0.85
69,Bacterial,0.88
69,Bacterial,0.89
69,Bacterial,0.91
69,Bacterial,0.87
69,Bacterial,0.92
69,Bacterial,0.88
69,Toxin,0.8
69,Toxin,0.82
69,Toxin,0.85
69,Toxin,0.83
69,Toxin,0.86
69,Toxin,0.87
69,Toxin,0.88
69,Toxin,0.85
69,Toxin,0.89
69,Toxin,0.86
69,Fungal,0.75
69,Fungal,0.78
69,Fungal,0.8
69,Fungal,0.79
69,Fungal,0.82
69,Fungal,0.83
69,Fungal,0.84
69,Fungal,0.81
69,Fungal,0.85
69,Fungal,0.82
69,Prion,0.7
69,Prion,0.74
69,Prion,0.75
69,Prion,0.76
69,Prion,0.78
69,Prion,0.79
69,Prion,0.8
69,Prion,0.77
69,Prion,0.81
69,Prion,0.78

